1/01/2018;2018;1;1;3273616;3013895
2/01/2018;2018;1;2;3780869;2440850
3/01/2018;2018;1;3;3655819;3399056
4/01/2018;2018;1;4;4329227;1917387
5/01/2018;2018;1;5;2984999;2811783
6/01/2018;2018;1;6;3359566;2389091
7/01/2018;2018;1;7;3758774;2628946
8/01/2018;2018;1;8;2940399;1969645
9/01/2018;2018;1;9;3654422;2126310
10/01/2018;2018;1;10;3342951;2325087
11/01/2018;2018;1;11;2989393;2152728
12/01/2018;2018;1;12;4341728;2956289
13/01/2018;2018;1;13;3451287;3328815
14/01/2018;2018;1;14;4069473;1965364
15/01/2018;2018;1;15;3336090;2868778
16/01/2018;2018;1;16;2935940;2805427
17/01/2018;2018;1;17;3041252;2369895
18/01/2018;2018;1;18;3503643;2676188
19/01/2018;2018;1;19;4188426;3040668
20/01/2018;2018;1;20;4124957;2793234
21/01/2018;2018;1;21;4245140;3555213
22/01/2018;2018;1;22;2893732;2071947
23/01/2018;2018;1;23;3264878;2380880
24/01/2018;2018;1;24;3242903;2491541
25/01/2018;2018;1;25;3336817;1977786
26/01/2018;2018;1;26;3602787;2594485
27/01/2018;2018;1;27;3720097;3543342
28/01/2018;2018;1;28;4201283;2104371
29/01/2018;2018;1;29;4322503;2024868
30/01/2018;2018;1;30;4070709;3206082
31/01/2018;2018;1;31;4178057;3153788
1/02/2018;2018;2;1;2979971;3498832
2/02/2018;2018;2;2;4330968;2937576
3/02/2018;2018;2;3;3381989;3306808
4/02/2018;2018;2;4;4127697;3267649
5/02/2018;2018;2;5;4058828;3227904
6/02/2018;2018;2;6;3205189;2535111
7/02/2018;2018;2;7;3801532;1992831
8/02/2018;2018;2;8;3392560;3199929
9/02/2018;2018;2;9;4038446;3076394
10/02/2018;2018;2;10;3673285;2605012
11/02/2018;2018;2;11;4294783;2825027
12/02/2018;2018;2;12;3238093;1904359
13/02/2018;2018;2;13;3111668;3426795
14/02/2018;2018;2;14;3637659;3026512
15/02/2018;2018;2;15;3518297;2754373
16/02/2018;2018;2;16;3755873;3344971
17/02/2018;2018;2;17;3663561;2197671
18/02/2018;2018;2;18;4071666;3316972
19/02/2018;2018;2;19;2945836;3236360
20/02/2018;2018;2;20;3512439;3151573
21/02/2018;2018;2;21;3816320;1993425
22/02/2018;2018;2;22;3558411;3564283
23/02/2018;2018;2;23;3230696;2115940
24/02/2018;2018;2;24;4061636;3199936
25/02/2018;2018;2;25;4274661;3111190
26/02/2018;2018;2;26;2982732;2716658
27/02/2018;2018;2;27;4174353;3343001
28/02/2018;2018;2;28;4096827;2953533
1/03/2018;2018;3;1;4015759;2455314
2/03/2018;2018;3;2;3335590;2621869
3/03/2018;2018;3;3;3859233;2883941
4/03/2018;2018;3;4;3706570;3214857
5/03/2018;2018;3;5;3533458;3363548
6/03/2018;2018;3;6;3865558;3278691
7/03/2018;2018;3;7;3363390;2212242
8/03/2018;2018;3;8;3798413;2764539
9/03/2018;2018;3;9;3273216;2688211
10/03/2018;2018;3;10;4327042;3100081
11/03/2018;2018;3;11;3612279;2640004
12/03/2018;2018;3;12;3099951;3077678
13/03/2018;2018;3;13;2898360;2636357
14/03/2018;2018;3;14;2965579;2849766
15/03/2018;2018;3;15;3195262;2530894
16/03/2018;2018;3;16;3217098;2248245
17/03/2018;2018;3;17;3163120;2650079
18/03/2018;2018;3;18;3331727;2540453
19/03/2018;2018;3;19;3136156;2128876
20/03/2018;2018;3;20;4269465;1917545
21/03/2018;2018;3;21;3172625;3564764
22/03/2018;2018;3;22;4342519;2646614
23/03/2018;2018;3;23;4344085;2248192
24/03/2018;2018;3;24;4209956;3145674
25/03/2018;2018;3;25;2983109;2761198
26/03/2018;2018;3;26;3542161;3566831
27/03/2018;2018;3;27;3389916;2719050
28/03/2018;2018;3;28;3376069;2215558
29/03/2018;2018;3;29;4231582;2781989
30/03/2018;2018;3;30;3453664;2637668
31/03/2018;2018;3;31;3792085;3154129
1/04/2018;2018;4;1;3836267;3036567
2/04/2018;2018;4;2;3724252;2167707
3/04/2018;2018;4;3;3059263;3410807
4/04/2018;2018;4;4;3015314;2134763
5/04/2018;2018;4;5;4306098;1915842
6/04/2018;2018;4;6;3123227;2357654
7/04/2018;2018;4;7;2905416;2595778
8/04/2018;2018;4;8;3478361;1963996
9/04/2018;2018;4;9;4331290;1981499
10/04/2018;2018;4;10;2962729;3328029
11/04/2018;2018;4;11;3180835;3348048
12/04/2018;2018;4;12;3109694;2610480
13/04/2018;2018;4;13;3788994;3016901
14/04/2018;2018;4;14;3128124;2967030
15/04/2018;2018;4;15;3231766;2909380
16/04/2018;2018;4;16;3418323;2763170
17/04/2018;2018;4;17;4215193;3376953
18/04/2018;2018;4;18;2991620;2200455
19/04/2018;2018;4;19;3069406;2092073
20/04/2018;2018;4;20;3498906;3442814
21/04/2018;2018;4;21;3899527;3425915
22/04/2018;2018;4;22;3059116;3022770
23/04/2018;2018;4;23;3302386;3053831
24/04/2018;2018;4;24;3294046;3079925
25/04/2018;2018;4;25;3919686;3051716
26/04/2018;2018;4;26;3594505;3390862
27/04/2018;2018;4;27;3897464;2282972
28/04/2018;2018;4;28;4266215;3073055
29/04/2018;2018;4;29;2961397;2831538
30/04/2018;2018;4;30;3961545;1902721
1/05/2018;2018;5;1;3704881;2953962
2/05/2018;2018;5;2;4199003;3504673
3/05/2018;2018;5;3;3615275;2556304
4/05/2018;2018;5;4;3117564;2688153
5/05/2018;2018;5;5;4323206;3084531
6/05/2018;2018;5;6;3583222;3266136
7/05/2018;2018;5;7;3251299;2650366
8/05/2018;2018;5;8;4185818;3340359
9/05/2018;2018;5;9;3986119;3530835
10/05/2018;2018;5;10;3458677;2768668
11/05/2018;2018;5;11;3820661;2644433
12/05/2018;2018;5;12;3121571;3488236
13/05/2018;2018;5;13;3344803;1954627
14/05/2018;2018;5;14;4257915;2302182
15/05/2018;2018;5;15;3354249;2450349
16/05/2018;2018;5;16;3549670;2387110
17/05/2018;2018;5;17;2943848;2382840
18/05/2018;2018;5;18;3367696;3347373
19/05/2018;2018;5;19;3557391;3239231
20/05/2018;2018;5;20;3973506;2925243
21/05/2018;2018;5;21;3471903;2239113
22/05/2018;2018;5;22;3892308;3487921
23/05/2018;2018;5;23;3297970;1945974
24/05/2018;2018;5;24;3021639;2581745
25/05/2018;2018;5;25;3505525;2403750
26/05/2018;2018;5;26;3548926;2553613
27/05/2018;2018;5;27;3422677;3030181
28/05/2018;2018;5;28;3875550;3054068
29/05/2018;2018;5;29;4116198;2449117
30/05/2018;2018;5;30;3438261;3398684
31/05/2018;2018;5;31;4263196;1898854
1/06/2018;2018;6;1;4045390;2230275
2/06/2018;2018;6;2;3704755;3014383
3/06/2018;2018;6;3;3508613;3073043
4/06/2018;2018;6;4;3213385;2763449
5/06/2018;2018;6;5;3299033;3580065
6/06/2018;2018;6;6;4270368;3247385
7/06/2018;2018;6;7;3653480;3126940
8/06/2018;2018;6;8;4122996;2767278
9/06/2018;2018;6;9;4210748;2310525
10/06/2018;2018;6;10;3629121;2422843
11/06/2018;2018;6;11;4018302;3584337
12/06/2018;2018;6;12;3188082;1952620
13/06/2018;2018;6;13;4317138;2928595
14/06/2018;2018;6;14;3621661;2395710
15/06/2018;2018;6;15;3461829;3194629
16/06/2018;2018;6;16;4272489;2751354
17/06/2018;2018;6;17;4326256;3337155
18/06/2018;2018;6;18;3031034;3254239
19/06/2018;2018;6;19;3880084;2274863
20/06/2018;2018;6;20;3349956;3521395
21/06/2018;2018;6;21;3864361;2605834
22/06/2018;2018;6;22;3081702;3437963
23/06/2018;2018;6;23;3173475;1937910
24/06/2018;2018;6;24;4306924;2625161
25/06/2018;2018;6;25;3847684;2381806
26/06/2018;2018;6;26;3438800;3474092
27/06/2018;2018;6;27;2975928;2321968
28/06/2018;2018;6;28;3625602;2346478
29/06/2018;2018;6;29;3956610;1995154
30/06/2018;2018;6;30;3503961;2779953
1/07/2018;2018;7;1;2965538;2382482
2/07/2018;2018;7;2;3476065;3444405
3/07/2018;2018;7;3;4134969;2593265
4/07/2018;2018;7;4;3982743;2515994
5/07/2018;2018;7;5;3478946;2679405
6/07/2018;2018;7;6;3794635;1980541
7/07/2018;2018;7;7;3675825;2720159
8/07/2018;2018;7;8;3937288;3014649
9/07/2018;2018;7;9;3640498;3537916
10/07/2018;2018;7;10;3132351;3052945
11/07/2018;2018;7;11;3998725;2113502
12/07/2018;2018;7;12;4189434;3425300
13/07/2018;2018;7;13;4161939;3141844
14/07/2018;2018;7;14;3290399;3198211
15/07/2018;2018;7;15;2928656;3245509
16/07/2018;2018;7;16;3287760;2815679
17/07/2018;2018;7;17;3993280;2837864
18/07/2018;2018;7;18;3691290;2019532
19/07/2018;2018;7;19;3877880;2434350
20/07/2018;2018;7;20;3406063;3513842
21/07/2018;2018;7;21;3460730;3417459
22/07/2018;2018;7;22;2948543;2928586
23/07/2018;2018;7;23;3082571;2234618
24/07/2018;2018;7;24;3463136;2921890
25/07/2018;2018;7;25;3921558;2349209
26/07/2018;2018;7;26;4314501;2620626
27/07/2018;2018;7;27;3478307;2259854
28/07/2018;2018;7;28;3909974;1913614
29/07/2018;2018;7;29;3548525;2317482
30/07/2018;2018;7;30;4213699;3265180
31/07/2018;2018;7;31;3298628;2989733
1/08/2018;2018;8;1;3014121;3412186
2/08/2018;2018;8;2;3489367;2370212
3/08/2018;2018;8;3;2971357;2037757
4/08/2018;2018;8;4;3792085;2150918
5/08/2018;2018;8;5;3186802;2731166
6/08/2018;2018;8;6;3827823;2388209
7/08/2018;2018;8;7;3738306;2457405
8/08/2018;2018;8;8;3484538;2130852
9/08/2018;2018;8;9;4281901;2736923
10/08/2018;2018;8;10;3451286;2399115
11/08/2018;2018;8;11;3881036;3278972
12/08/2018;2018;8;12;4087648;2693919
13/08/2018;2018;8;13;3122737;3261069
14/08/2018;2018;8;14;3775959;2660887
15/08/2018;2018;8;15;3745544;3147924
16/08/2018;2018;8;16;3976253;1904460
17/08/2018;2018;8;17;4197854;2189893
18/08/2018;2018;8;18;3498545;1934638
19/08/2018;2018;8;19;3226656;2682382
20/08/2018;2018;8;20;4222809;3316713
21/08/2018;2018;8;21;4315943;2479143
22/08/2018;2018;8;22;3583456;3278050
23/08/2018;2018;8;23;3840478;2353707
24/08/2018;2018;8;24;3030828;2547248
25/08/2018;2018;8;25;3695745;2752149
26/08/2018;2018;8;26;3830930;2430803
27/08/2018;2018;8;27;2987622;2513664
28/08/2018;2018;8;28;3105060;3281308
29/08/2018;2018;8;29;4044480;2724204
30/08/2018;2018;8;30;4253155;3307091
31/08/2018;2018;8;31;4089075;3426005
1/09/2018;2018;9;1;4242310;2455377
2/09/2018;2018;9;2;4337109;1916674
3/09/2018;2018;9;3;2937762;2763690
4/09/2018;2018;9;4;3120254;2788889
5/09/2018;2018;9;5;3374180;3135812
6/09/2018;2018;9;6;3903143;2069870
7/09/2018;2018;9;7;3547187;3481094
8/09/2018;2018;9;8;3090154;2659839
9/09/2018;2018;9;9;4261749;2637828
10/09/2018;2018;9;10;3463010;3489137
11/09/2018;2018;9;11;3804518;2788636
12/09/2018;2018;9;12;4161711;3492725
13/09/2018;2018;9;13;3061790;3161567
14/09/2018;2018;9;14;3224950;2305951
15/09/2018;2018;9;15;3891366;2126602
16/09/2018;2018;9;16;3723159;3178763
17/09/2018;2018;9;17;3967347;2581573
18/09/2018;2018;9;18;4129736;2883973
19/09/2018;2018;9;19;4340129;2523133
20/09/2018;2018;9;20;3190968;3546765
21/09/2018;2018;9;21;4270211;2051087
22/09/2018;2018;9;22;3165709;3446498
23/09/2018;2018;9;23;3882894;2516009
24/09/2018;2018;9;24;3364055;3560361
25/09/2018;2018;9;25;4169071;3450065
26/09/2018;2018;9;26;2935839;2483205
27/09/2018;2018;9;27;3491163;3365360
28/09/2018;2018;9;28;3668861;2547339
29/09/2018;2018;9;29;3130098;3089014
30/09/2018;2018;9;30;3735392;3531442
1/10/2018;2018;10;1;3460482;3082462
2/10/2018;2018;10;2;3915031;3327892
3/10/2018;2018;10;3;3905468;3106458
4/10/2018;2018;10;4;3656950;3173519
5/10/2018;2018;10;5;3520561;3000847
6/10/2018;2018;10;6;4143832;3326032
7/10/2018;2018;10;7;3153222;2262861
8/10/2018;2018;10;8;4266495;3000101
9/10/2018;2018;10;9;2968666;2323023
10/10/2018;2018;10;10;3749102;2021750
11/10/2018;2018;10;11;4169212;2351725
12/10/2018;2018;10;12;3222927;2276835
13/10/2018;2018;10;13;3781271;2413464
14/10/2018;2018;10;14;3482644;2366374
15/10/2018;2018;10;15;3767859;2087955
16/10/2018;2018;10;16;3784453;2693501
17/10/2018;2018;10;17;4096156;2077166
18/10/2018;2018;10;18;4036561;2303019
19/10/2018;2018;10;19;4111324;2020828
20/10/2018;2018;10;20;3671462;2990621
21/10/2018;2018;10;21;3341462;2741841
22/10/2018;2018;10;22;3477715;2500756
23/10/2018;2018;10;23;3257407;2412589
24/10/2018;2018;10;24;4095927;2655150
25/10/2018;2018;10;25;4206130;3394071
26/10/2018;2018;10;26;4173334;3223847
27/10/2018;2018;10;27;4138791;3437045
28/10/2018;2018;10;28;3996062;2630369
29/10/2018;2018;10;29;4151626;1932541
30/10/2018;2018;10;30;3154369;2022360
31/10/2018;2018;10;31;3108177;3403896
1/11/2018;2018;11;1;3233203;2449870
2/11/2018;2018;11;2;4159656;3344927
3/11/2018;2018;11;3;3163427;3306418
4/11/2018;2018;11;4;3940414;3022228
5/11/2018;2018;11;5;3100455;3005272
6/11/2018;2018;11;6;3889025;2356261
7/11/2018;2018;11;7;3309931;3027359
8/11/2018;2018;11;8;3269962;3438321
9/11/2018;2018;11;9;4066922;3318311
10/11/2018;2018;11;10;3178736;2640416
11/11/2018;2018;11;11;4157661;2074838
12/11/2018;2018;11;12;3282632;3184598
13/11/2018;2018;11;13;3817960;3184648
14/11/2018;2018;11;14;3478863;2829088
15/11/2018;2018;11;15;4159694;2599764
16/11/2018;2018;11;16;4193198;2410535
17/11/2018;2018;11;17;3388322;2775736
18/11/2018;2018;11;18;3773356;2253268
19/11/2018;2018;11;19;3154228;2229792
20/11/2018;2018;11;20;3500678;3187860
21/11/2018;2018;11;21;4347093;2103630
22/11/2018;2018;11;22;4203569;2910111
23/11/2018;2018;11;23;3463113;3264193
24/11/2018;2018;11;24;3438611;2452519
25/11/2018;2018;11;25;3091823;2811945
26/11/2018;2018;11;26;4169171;3499293
27/11/2018;2018;11;27;3406500;2963769
28/11/2018;2018;11;28;3210260;1987837
29/11/2018;2018;11;29;3193543;2041545
30/11/2018;2018;11;30;3129182;3231057
1/12/2018;2018;12;1;2926638;2586090
2/12/2018;2018;12;2;3840473;3453777
3/12/2018;2018;12;3;2981660;2850084
4/12/2018;2018;12;4;3480765;3184961
5/12/2018;2018;12;5;3731024;3114571
6/12/2018;2018;12;6;3630026;2525665
7/12/2018;2018;12;7;2954612;2940604
8/12/2018;2018;12;8;3005093;3355641
9/12/2018;2018;12;9;3262640;3565431
10/12/2018;2018;12;10;3828466;3173543
11/12/2018;2018;12;11;4352196;1943653
12/12/2018;2018;12;12;3931393;2142657
13/12/2018;2018;12;13;3813096;3061507
14/12/2018;2018;12;14;3002177;2803417
15/12/2018;2018;12;15;3482375;2048814
16/12/2018;2018;12;16;3460581;2985370
17/12/2018;2018;12;17;3918382;3224955
18/12/2018;2018;12;18;4220341;2011966
19/12/2018;2018;12;19;2985104;3171610
20/12/2018;2018;12;20;3615668;2567389
21/12/2018;2018;12;21;3839414;2084511
22/12/2018;2018;12;22;3627107;3113044
23/12/2018;2018;12;23;3059266;2728379
24/12/2018;2018;12;24;4039236;2041542
25/12/2018;2018;12;25;2971103;1941395
26/12/2018;2018;12;26;4019340;2435322
27/12/2018;2018;12;27;3772482;2984983
28/12/2018;2018;12;28;3603141;2112937
29/12/2018;2018;12;29;4165063;3147890
30/12/2018;2018;12;30;3643990;2646445
31/12/2018;2018;12;31;3455901;2766212
1/01/2019;2019;1;1;4332214;1954299
2/01/2019;2019;1;2;3387081;3434221
3/01/2019;2019;1;3;4118001;2225260
4/01/2019;2019;1;4;2955225;2778814
5/01/2019;2019;1;5;4115444;2016435
6/01/2019;2019;1;6;3274945;2818875
7/01/2019;2019;1;7;3600503;3028679
8/01/2019;2019;1;8;3920088;3388081
9/01/2019;2019;1;9;3356935;2522170
10/01/2019;2019;1;10;3148747;2340037
11/01/2019;2019;1;11;4277494;2701040
12/01/2019;2019;1;12;3172026;2728511
13/01/2019;2019;1;13;3672620;2726690
14/01/2019;2019;1;14;2936449;1952417
15/01/2019;2019;1;15;3507660;3378233
16/01/2019;2019;1;16;3891089;2679007
17/01/2019;2019;1;17;3823920;3368187
18/01/2019;2019;1;18;3888896;3514649
19/01/2019;2019;1;19;3789342;2891790
20/01/2019;2019;1;20;3356649;2669737
21/01/2019;2019;1;21;3825508;2391016
22/01/2019;2019;1;22;3102977;2997184
23/01/2019;2019;1;23;3274330;3405342
24/01/2019;2019;1;24;4179606;2252780
25/01/2019;2019;1;25;3672848;2755514
26/01/2019;2019;1;26;3550168;1954372
27/01/2019;2019;1;27;3807456;3423487
28/01/2019;2019;1;28;3971095;2569883
29/01/2019;2019;1;29;2988088;3397120
30/01/2019;2019;1;30;3507442;3325766
31/01/2019;2019;1;31;3151941;2151902
1/02/2019;2019;2;1;3720216;2541946
2/02/2019;2019;2;2;4148553;3107006
3/02/2019;2019;2;3;3462594;2921475
4/02/2019;2019;2;4;3964344;2695910
5/02/2019;2019;2;5;4037248;2548201
6/02/2019;2019;2;6;3070694;2404811
7/02/2019;2019;2;7;3510094;2021724
8/02/2019;2019;2;8;4109099;3050960
9/02/2019;2019;2;9;3581912;1911944
10/02/2019;2019;2;10;3186886;3550123
11/02/2019;2019;2;11;3387732;3106749
12/02/2019;2019;2;12;2928471;2494944
13/02/2019;2019;2;13;3577821;2819563
14/02/2019;2019;2;14;3157959;2884950
15/02/2019;2019;2;15;3806675;2483156
16/02/2019;2019;2;16;3853288;2848121
17/02/2019;2019;2;17;3816365;2762511
18/02/2019;2019;2;18;3592283;2871758
19/02/2019;2019;2;19;3928410;2021819
20/02/2019;2019;2;20;3608532;3279014
21/02/2019;2019;2;21;4009975;2902676
22/02/2019;2019;2;22;4306324;2808652
23/02/2019;2019;2;23;3514581;2431517
24/02/2019;2019;2;24;3814987;2329675
25/02/2019;2019;2;25;4008605;3138761
26/02/2019;2019;2;26;4142465;3292441
27/02/2019;2019;2;27;3528523;2832486
28/02/2019;2019;2;28;3611061;2521905
1/03/2019;2019;3;1;3131947;1911243
2/03/2019;2019;3;2;4074899;2502018
3/03/2019;2019;3;3;3572939;2687068
4/03/2019;2019;3;4;3470863;2430542
5/03/2019;2019;3;5;3542775;2473486
6/03/2019;2019;3;6;2903159;2296194
7/03/2019;2019;3;7;3636661;2090764
8/03/2019;2019;3;8;3727305;2276797
9/03/2019;2019;3;9;3018420;2975327
10/03/2019;2019;3;10;3462300;3370184
11/03/2019;2019;3;11;3666547;2985594
12/03/2019;2019;3;12;3746134;2953645
13/03/2019;2019;3;13;2903482;2117858
14/03/2019;2019;3;14;4065792;2892068
15/03/2019;2019;3;15;3703946;2012052
16/03/2019;2019;3;16;3537390;3176618
17/03/2019;2019;3;17;4179410;2401755
18/03/2019;2019;3;18;3234981;2396828
19/03/2019;2019;3;19;3173040;2865161
20/03/2019;2019;3;20;3551457;3168652
21/03/2019;2019;3;21;3897078;3075596
22/03/2019;2019;3;22;3057372;3515281
23/03/2019;2019;3;23;4222920;3086595
24/03/2019;2019;3;24;3544738;3124194
25/03/2019;2019;3;25;2988808;2102446
26/03/2019;2019;3;26;3527799;2478220
27/03/2019;2019;3;27;3649691;2793606
28/03/2019;2019;3;28;3643241;1919097
29/03/2019;2019;3;29;3539954;2052215
30/03/2019;2019;3;30;3566470;3317512
31/03/2019;2019;3;31;3635183;2874059
1/04/2019;2019;4;1;4338988;2558013
2/04/2019;2019;4;2;3990648;2869141
3/04/2019;2019;4;3;4178727;2246150
4/04/2019;2019;4;4;3631129;2058738
5/04/2019;2019;4;5;4345427;3436303
6/04/2019;2019;4;6;3088499;2461953
7/04/2019;2019;4;7;3600261;3207428
8/04/2019;2019;4;8;3808750;3473208
9/04/2019;2019;4;9;3908387;2597975
10/04/2019;2019;4;10;4092779;1946943
11/04/2019;2019;4;11;3470948;2901957
12/04/2019;2019;4;12;3604758;2464214
13/04/2019;2019;4;13;3187742;2322833
14/04/2019;2019;4;14;3139156;2588981
15/04/2019;2019;4;15;2901777;2393800
16/04/2019;2019;4;16;3217691;3038304
17/04/2019;2019;4;17;4350684;2199146
18/04/2019;2019;4;18;2974972;3291665
19/04/2019;2019;4;19;3839610;2348907
20/04/2019;2019;4;20;3989262;2293262
21/04/2019;2019;4;21;4163879;3141638
22/04/2019;2019;4;22;3368328;3195974
23/04/2019;2019;4;23;4274949;2017575
24/04/2019;2019;4;24;3700632;2829603
25/04/2019;2019;4;25;3133815;2864852
26/04/2019;2019;4;26;3742646;2337553
27/04/2019;2019;4;27;3860927;2465403
28/04/2019;2019;4;28;4175495;2986740
29/04/2019;2019;4;29;3802903;3039675
30/04/2019;2019;4;30;4326482;3244402
1/05/2019;2019;5;1;3420506;2267853
2/05/2019;2019;5;2;3145438;3035038
3/05/2019;2019;5;3;3302836;2004920
4/05/2019;2019;5;4;3326973;2149705
5/05/2019;2019;5;5;4043479;3495152
6/05/2019;2019;5;6;3538534;3134686
7/05/2019;2019;5;7;4332683;3009962
8/05/2019;2019;5;8;4226753;2308644
9/05/2019;2019;5;9;3089316;2689794
10/05/2019;2019;5;10;4159324;2940634
11/05/2019;2019;5;11;4234787;1902935
12/05/2019;2019;5;12;3646680;2367978
13/05/2019;2019;5;13;3848440;3289878
14/05/2019;2019;5;14;3063251;3067154
15/05/2019;2019;5;15;4113038;1905627
16/05/2019;2019;5;16;2922531;2603096
17/05/2019;2019;5;17;4031119;2157298
18/05/2019;2019;5;18;3464412;2000683
19/05/2019;2019;5;19;4223265;2454464
20/05/2019;2019;5;20;4312154;2253092
21/05/2019;2019;5;21;3622940;2534138
22/05/2019;2019;5;22;3363088;2395389
23/05/2019;2019;5;23;4191968;3451270
24/05/2019;2019;5;24;3707496;3335267
25/05/2019;2019;5;25;3265830;1938921
26/05/2019;2019;5;26;3883673;1908114
27/05/2019;2019;5;27;3927014;3503305
28/05/2019;2019;5;28;4170652;2038395
29/05/2019;2019;5;29;2905085;2545219
30/05/2019;2019;5;30;4354581;3546338
31/05/2019;2019;5;31;3142455;2872610
1/06/2019;2019;6;1;3501662;3575964
2/06/2019;2019;6;2;4318477;2007270
3/06/2019;2019;6;3;3526261;2543146
4/06/2019;2019;6;4;3861925;1929875
5/06/2019;2019;6;5;4327467;2465629
6/06/2019;2019;6;6;3841815;3054817
7/06/2019;2019;6;7;3556123;3224066
8/06/2019;2019;6;8;3986777;2668702
9/06/2019;2019;6;9;4073542;3045575
10/06/2019;2019;6;10;3455224;2371604
11/06/2019;2019;6;11;3762712;2631821
12/06/2019;2019;6;12;3710774;3201206
13/06/2019;2019;6;13;2956597;1980819
14/06/2019;2019;6;14;3179402;2806179
15/06/2019;2019;6;15;4236016;3014000
16/06/2019;2019;6;16;4105876;3096042
17/06/2019;2019;6;17;3167865;1999892
18/06/2019;2019;6;18;4136484;2104167
19/06/2019;2019;6;19;3905599;3104200
20/06/2019;2019;6;20;4029541;3380875
21/06/2019;2019;6;21;3558583;1900103
22/06/2019;2019;6;22;3136047;2500769
23/06/2019;2019;6;23;4113788;2818429
24/06/2019;2019;6;24;4059493;2242024
25/06/2019;2019;6;25;3516534;2470526
26/06/2019;2019;6;26;4063669;2690214
27/06/2019;2019;6;27;4323474;2403639
28/06/2019;2019;6;28;2955388;2924886
29/06/2019;2019;6;29;3031733;3208147
30/06/2019;2019;6;30;4295110;3410390
1/07/2019;2019;7;1;3588867;2888274
2/07/2019;2019;7;2;4073730;2884964
3/07/2019;2019;7;3;3485298;2846643
4/07/2019;2019;7;4;3321152;2336417
5/07/2019;2019;7;5;3543722;1985681
6/07/2019;2019;7;6;4087135;3452806
7/07/2019;2019;7;7;3559448;2894798
8/07/2019;2019;7;8;3579180;2788798
9/07/2019;2019;7;9;3864923;3405335
10/07/2019;2019;7;10;3249939;3240476
11/07/2019;2019;7;11;3177617;2066809
12/07/2019;2019;7;12;3832086;3326003
13/07/2019;2019;7;13;4012158;2710929
14/07/2019;2019;7;14;3590915;2531758
15/07/2019;2019;7;15;3265782;2784428
16/07/2019;2019;7;16;3519289;3044532
17/07/2019;2019;7;17;3902017;2360191
18/07/2019;2019;7;18;3435528;2610853
19/07/2019;2019;7;19;3754461;2405101
20/07/2019;2019;7;20;3059129;3247069
21/07/2019;2019;7;21;4152498;2640956
22/07/2019;2019;7;22;4111786;2700229
23/07/2019;2019;7;23;4353069;2000573
24/07/2019;2019;7;24;3795693;2341951
25/07/2019;2019;7;25;3580624;3386242
26/07/2019;2019;7;26;3419938;2210117
27/07/2019;2019;7;27;3236068;2296406
28/07/2019;2019;7;28;4126527;2786626
29/07/2019;2019;7;29;3964009;2011480
30/07/2019;2019;7;30;3121854;3263961
31/07/2019;2019;7;31;4030224;3569719
1/08/2019;2019;8;1;4257851;3424133
2/08/2019;2019;8;2;4158616;2995005
3/08/2019;2019;8;3;4037255;3365928
4/08/2019;2019;8;4;3044705;3317033
5/08/2019;2019;8;5;3416519;3368841
6/08/2019;2019;8;6;3413637;3517641
7/08/2019;2019;8;7;3136767;2217302
8/08/2019;2019;8;8;2914321;2824142
9/08/2019;2019;8;9;3775363;3079869
10/08/2019;2019;8;10;3214401;2022426
11/08/2019;2019;8;11;3604266;2680103
12/08/2019;2019;8;12;3922241;2821216
13/08/2019;2019;8;13;4159988;2517641
14/08/2019;2019;8;14;4246702;3378233
15/08/2019;2019;8;15;3001586;2323288
16/08/2019;2019;8;16;3062721;2965273
17/08/2019;2019;8;17;3147942;2036506
18/08/2019;2019;8;18;2976513;1978934
19/08/2019;2019;8;19;3140847;2015101
20/08/2019;2019;8;20;3641037;2547164
21/08/2019;2019;8;21;4069447;2068655
22/08/2019;2019;8;22;4068060;2662335
23/08/2019;2019;8;23;4148434;2485977
24/08/2019;2019;8;24;2957463;2903057
25/08/2019;2019;8;25;3621680;2232848
26/08/2019;2019;8;26;3550069;3529697
27/08/2019;2019;8;27;3246372;3000487
28/08/2019;2019;8;28;3813632;2734259
29/08/2019;2019;8;29;3267841;2455941
30/08/2019;2019;8;30;3398954;2294125
31/08/2019;2019;8;31;3075635;3437492
1/09/2019;2019;9;1;3563247;2854867
2/09/2019;2019;9;2;4035125;2767272
3/09/2019;2019;9;3;3370614;2005470
4/09/2019;2019;9;4;3310681;2920110
5/09/2019;2019;9;5;3616123;3457869
6/09/2019;2019;9;6;3585754;2749926
7/09/2019;2019;9;7;3438075;2193828
8/09/2019;2019;9;8;2974006;2454207
9/09/2019;2019;9;9;3527831;2187656
10/09/2019;2019;9;10;3833064;2750898
11/09/2019;2019;9;11;3637896;1946806
12/09/2019;2019;9;12;3228312;2990423
13/09/2019;2019;9;13;3158461;3224912
14/09/2019;2019;9;14;3537948;2269933
15/09/2019;2019;9;15;2894661;2320389
16/09/2019;2019;9;16;3638548;3413784
17/09/2019;2019;9;17;4131289;1907801
18/09/2019;2019;9;18;3705548;3138178
19/09/2019;2019;9;19;3963938;3237659
20/09/2019;2019;9;20;3095293;2968789
21/09/2019;2019;9;21;3490432;2401741
22/09/2019;2019;9;22;3187498;3422714
23/09/2019;2019;9;23;4063362;2285471
24/09/2019;2019;9;24;3720426;3270170
25/09/2019;2019;9;25;4100149;2668740
26/09/2019;2019;9;26;3249279;3010729
27/09/2019;2019;9;27;4040128;1931772
28/09/2019;2019;9;28;3491110;2537046
29/09/2019;2019;9;29;4354490;3047835
30/09/2019;2019;9;30;3490007;3540121
1/10/2019;2019;10;1;3386745;3076324
2/10/2019;2019;10;2;3679455;2795587
3/10/2019;2019;10;3;3131989;2676835
4/10/2019;2019;10;4;3608976;2422543
5/10/2019;2019;10;5;2945805;3584541
6/10/2019;2019;10;6;3117564;2190226
7/10/2019;2019;10;7;3394203;2365342
8/10/2019;2019;10;8;3786971;3420370
9/10/2019;2019;10;9;3121570;2663995
10/10/2019;2019;10;10;3923726;3040743
11/10/2019;2019;10;11;4062363;2526930
12/10/2019;2019;10;12;3055670;3474400
13/10/2019;2019;10;13;3579620;2505833
14/10/2019;2019;10;14;3540260;2169383
15/10/2019;2019;10;15;3281387;2476746
16/10/2019;2019;10;16;3939421;3168654
17/10/2019;2019;10;17;3784316;2043202
18/10/2019;2019;10;18;3404195;2818278
19/10/2019;2019;10;19;4234004;3011857
20/10/2019;2019;10;20;4059012;2409095
21/10/2019;2019;10;21;3532897;3041827
22/10/2019;2019;10;22;4249949;2337374
23/10/2019;2019;10;23;4049218;2041012
24/10/2019;2019;10;24;3109006;3009671
25/10/2019;2019;10;25;4294575;3227908
26/10/2019;2019;10;26;3807192;2597110
27/10/2019;2019;10;27;3743922;3401252
28/10/2019;2019;10;28;3532172;2272966
29/10/2019;2019;10;29;3617804;2124794
30/10/2019;2019;10;30;4331100;3318812
31/10/2019;2019;10;31;4217937;2310410
1/11/2019;2019;11;1;3819538;2890551
2/11/2019;2019;11;2;3431337;2896869
3/11/2019;2019;11;3;4241540;2197536
4/11/2019;2019;11;4;2969169;3523586
5/11/2019;2019;11;5;3848426;3360397
6/11/2019;2019;11;6;3803938;2224884
7/11/2019;2019;11;7;4117791;3206178
8/11/2019;2019;11;8;3203029;2211072
9/11/2019;2019;11;9;4223967;1922855
10/11/2019;2019;11;10;3198982;3428721
11/11/2019;2019;11;11;3612541;2754708
12/11/2019;2019;11;12;3486355;2607245
13/11/2019;2019;11;13;2926489;3032905
14/11/2019;2019;11;14;3191189;2638777
15/11/2019;2019;11;15;4209120;2830709
16/11/2019;2019;11;16;3422111;2390744
17/11/2019;2019;11;17;4199514;2081686
18/11/2019;2019;11;18;3697153;2074640
19/11/2019;2019;11;19;4297560;2449037
20/11/2019;2019;11;20;4175457;3430562
21/11/2019;2019;11;21;3729436;3074901
22/11/2019;2019;11;22;2896167;3008200
23/11/2019;2019;11;23;3071713;3408683
24/11/2019;2019;11;24;4091774;2813484
25/11/2019;2019;11;25;4349340;3082416
26/11/2019;2019;11;26;3725760;3125396
27/11/2019;2019;11;27;3807356;2124858
28/11/2019;2019;11;28;3121324;3535290
29/11/2019;2019;11;29;4331259;3009244
30/11/2019;2019;11;30;3417178;2307336
1/12/2019;2019;12;1;3125995;3415596
2/12/2019;2019;12;2;4065202;2474416
3/12/2019;2019;12;3;3225937;2871137
4/12/2019;2019;12;4;2951701;3534176
5/12/2019;2019;12;5;4214398;2381938
6/12/2019;2019;12;6;3723374;2896881
7/12/2019;2019;12;7;3860334;1984698
8/12/2019;2019;12;8;3285351;2161276
9/12/2019;2019;12;9;3744540;2047525
10/12/2019;2019;12;10;3027254;1963396
11/12/2019;2019;12;11;2934303;3528084
12/12/2019;2019;12;12;3980607;3312222
13/12/2019;2019;12;13;3147479;2804547
14/12/2019;2019;12;14;3060677;2056620
15/12/2019;2019;12;15;3580958;2792540
16/12/2019;2019;12;16;3371142;2227367
17/12/2019;2019;12;17;3826846;2536692
18/12/2019;2019;12;18;3992333;2608954
19/12/2019;2019;12;19;3863868;2086013
20/12/2019;2019;12;20;3303038;2147737
21/12/2019;2019;12;21;4218951;2639415
22/12/2019;2019;12;22;3683190;3103358
23/12/2019;2019;12;23;3747297;2364108
24/12/2019;2019;12;24;3819051;3439540
25/12/2019;2019;12;25;4354601;2062925
26/12/2019;2019;12;26;3644120;2035373
27/12/2019;2019;12;27;4046557;2110862
28/12/2019;2019;12;28;3949627;2671209
29/12/2019;2019;12;29;3060062;3541462
30/12/2019;2019;12;30;3488976;2702542
31/12/2019;2019;12;31;4283080;2610894
1/01/2020;2020;1;1;3854557;2075577
2/01/2020;2020;1;2;3667745;2959839
3/01/2020;2020;1;3;2963880;2875066
4/01/2020;2020;1;4;3979020;3108192
5/01/2020;2020;1;5;3642829;1969425
6/01/2020;2020;1;6;4177513;2620200
7/01/2020;2020;1;7;3969508;1912698
8/01/2020;2020;1;8;3797838;2671006
9/01/2020;2020;1;9;4005952;3041239
10/01/2020;2020;1;10;3846298;2592770
11/01/2020;2020;1;11;4236600;2903627
12/01/2020;2020;1;12;3727040;2063396
13/01/2020;2020;1;13;3390075;3146864
14/01/2020;2020;1;14;3299638;3300067
15/01/2020;2020;1;15;4012000;2660021
16/01/2020;2020;1;16;3448793;2391324
17/01/2020;2020;1;17;3706984;3236987
18/01/2020;2020;1;18;3956975;2900398
19/01/2020;2020;1;19;3104837;3129392
20/01/2020;2020;1;20;2934488;1986282
21/01/2020;2020;1;21;3533071;2110633
22/01/2020;2020;1;22;4285387;3205402
23/01/2020;2020;1;23;4297015;2703614
24/01/2020;2020;1;24;4149576;2348433
25/01/2020;2020;1;25;3211393;3447555
26/01/2020;2020;1;26;3680013;2912082
27/01/2020;2020;1;27;2952308;3507428
28/01/2020;2020;1;28;3376987;2637481
29/01/2020;2020;1;29;3437813;2404218
30/01/2020;2020;1;30;3288434;3181225
31/01/2020;2020;1;31;3177321;3419860
1/02/2020;2020;2;1;3230161;3322665
2/02/2020;2020;2;2;3262342;2711957
3/02/2020;2020;2;3;2988336;2273548
4/02/2020;2020;2;4;4186446;1947022
5/02/2020;2020;2;5;3656190;2643007
6/02/2020;2020;2;6;3216484;2338107
7/02/2020;2020;2;7;3249871;3165748
8/02/2020;2020;2;8;4269053;2689480
9/02/2020;2020;2;9;3873604;2942236
10/02/2020;2020;2;10;3586735;1986690
11/02/2020;2020;2;11;3438453;1927137
12/02/2020;2020;2;12;3635892;2006596
13/02/2020;2020;2;13;3496170;2369274
14/02/2020;2020;2;14;2944637;3389242
15/02/2020;2020;2;15;3521025;3553485
16/02/2020;2020;2;16;4282387;2825866
17/02/2020;2020;2;17;4164801;3264929
18/02/2020;2020;2;18;4220868;3253982
19/02/2020;2020;2;19;3629550;3539611
20/02/2020;2020;2;20;3615307;3464389
21/02/2020;2020;2;21;4096276;2835558
22/02/2020;2020;2;22;4237690;2893677
23/02/2020;2020;2;23;2930521;2770043
24/02/2020;2020;2;24;3365092;3439402
25/02/2020;2020;2;25;3263934;2324720
26/02/2020;2020;2;26;3574019;3459576
27/02/2020;2020;2;27;3585630;2656914
28/02/2020;2020;2;28;3978275;2593126
29/02/2020;2020;2;29;2984209;3105656
1/03/2020;2020;3;1;4275716;2159521
2/03/2020;2020;3;2;3029462;3529904
3/03/2020;2020;3;3;3131165;2737651
4/03/2020;2020;3;4;3662591;1941984
5/03/2020;2020;3;5;3855442;2764238
6/03/2020;2020;3;6;3117811;1988865
7/03/2020;2020;3;7;3175723;3056640
8/03/2020;2020;3;8;3282809;3249979
9/03/2020;2020;3;9;3042049;2997588
10/03/2020;2020;3;10;3365497;1999117
11/03/2020;2020;3;11;4123640;2533541
12/03/2020;2020;3;12;3925074;2034793
13/03/2020;2020;3;13;3908016;1988571
14/03/2020;2020;3;14;3761501;3376359
15/03/2020;2020;3;15;4021209;2651906
16/03/2020;2020;3;16;4008238;2207214
17/03/2020;2020;3;17;3022019;3082614
18/03/2020;2020;3;18;3200180;2250581
19/03/2020;2020;3;19;3628503;2440160
20/03/2020;2020;3;20;3231815;2797570
21/03/2020;2020;3;21;3723906;2178830
22/03/2020;2020;3;22;3856748;3570882
23/03/2020;2020;3;23;3925088;3246656
24/03/2020;2020;3;24;3041337;2657421
25/03/2020;2020;3;25;3104675;2036112
26/03/2020;2020;3;26;3477477;3313269
27/03/2020;2020;3;27;4253088;2408469
28/03/2020;2020;3;28;3178098;1917094
29/03/2020;2020;3;29;3883386;2790820
30/03/2020;2020;3;30;3599084;2827869
31/03/2020;2020;3;31;3889519;3120960
1/04/2020;2020;4;1;3680289;2344215
2/04/2020;2020;4;2;3701784;2369554
3/04/2020;2020;4;3;2956813;3413478
4/04/2020;2020;4;4;3504432;2278287
5/04/2020;2020;4;5;4245441;2656592
6/04/2020;2020;4;6;2912129;2010644
7/04/2020;2020;4;7;3314769;3443416
8/04/2020;2020;4;8;2937334;3039845
9/04/2020;2020;4;9;3046236;2524560
10/04/2020;2020;4;10;3834804;2821884
11/04/2020;2020;4;11;3766136;2921783
12/04/2020;2020;4;12;3253040;2468063
13/04/2020;2020;4;13;4239920;2817652
14/04/2020;2020;4;14;3660595;2513820
15/04/2020;2020;4;15;2984173;1907805
16/04/2020;2020;4;16;2979087;2503158
17/04/2020;2020;4;17;3123736;1924724
18/04/2020;2020;4;18;3114499;2788365
19/04/2020;2020;4;19;4354686;2053090
20/04/2020;2020;4;20;4001682;2585035
21/04/2020;2020;4;21;3587109;2049884
22/04/2020;2020;4;22;3311492;3161935
23/04/2020;2020;4;23;3235603;2234481
24/04/2020;2020;4;24;3508818;2276853
25/04/2020;2020;4;25;3530580;2323969
26/04/2020;2020;4;26;4345128;2319716
27/04/2020;2020;4;27;3681314;2744015
28/04/2020;2020;4;28;2961668;2261147
29/04/2020;2020;4;29;3393424;2868946
30/04/2020;2020;4;30;3174338;2259980
1/05/2020;2020;5;1;3098406;1897836
2/05/2020;2020;5;2;3826260;3400892
3/05/2020;2020;5;3;3063187;2005812
4/05/2020;2020;5;4;3783061;2950963
5/05/2020;2020;5;5;2961725;3572369
6/05/2020;2020;5;6;3718798;2519742
7/05/2020;2020;5;7;4235255;3426985
8/05/2020;2020;5;8;2991958;3168762
9/05/2020;2020;5;9;3876130;3129304
10/05/2020;2020;5;10;3386676;2701721
11/05/2020;2020;5;11;3895275;2632444
12/05/2020;2020;5;12;3122087;2640299
13/05/2020;2020;5;13;2963695;2167980
14/05/2020;2020;5;14;3069222;2176548
15/05/2020;2020;5;15;3743232;2071728
16/05/2020;2020;5;16;4222281;3396252
17/05/2020;2020;5;17;4038395;2679458
18/05/2020;2020;5;18;3541248;2026842
19/05/2020;2020;5;19;3329586;2782991
20/05/2020;2020;5;20;4292408;2033642
21/05/2020;2020;5;21;4197816;2580548
22/05/2020;2020;5;22;3580134;3527387
23/05/2020;2020;5;23;3568653;2750177
24/05/2020;2020;5;24;3806883;2976480
25/05/2020;2020;5;25;4102022;2323007
26/05/2020;2020;5;26;4173146;2670970
27/05/2020;2020;5;27;3699867;2867860
28/05/2020;2020;5;28;3778246;3232001
29/05/2020;2020;5;29;2935344;3297095
30/05/2020;2020;5;30;3578496;3017203
31/05/2020;2020;5;31;4063106;3278569
1/06/2020;2020;6;1;3113388;2906967
2/06/2020;2020;6;2;3564997;2145914
3/06/2020;2020;6;3;4260531;2234510
4/06/2020;2020;6;4;4063211;2940837
5/06/2020;2020;6;5;3404229;2355556
6/06/2020;2020;6;6;3275607;2413571
7/06/2020;2020;6;7;3102367;1939476
8/06/2020;2020;6;8;3786315;2590544
9/06/2020;2020;6;9;3039943;1963023
10/06/2020;2020;6;10;3969797;2586757
11/06/2020;2020;6;11;3523123;3287135
12/06/2020;2020;6;12;4258433;2502048
13/06/2020;2020;6;13;4166422;2716314
14/06/2020;2020;6;14;3312919;3453455
15/06/2020;2020;6;15;3360358;2582473
16/06/2020;2020;6;16;3125883;2626941
17/06/2020;2020;6;17;3906369;2959331
18/06/2020;2020;6;18;4164043;2692471
19/06/2020;2020;6;19;3761361;3237790
20/06/2020;2020;6;20;3633509;2622781
21/06/2020;2020;6;21;4306343;3221904
22/06/2020;2020;6;22;3675024;2739685
23/06/2020;2020;6;23;3882326;3155091
24/06/2020;2020;6;24;3332412;3573458
25/06/2020;2020;6;25;4311958;1942813
26/06/2020;2020;6;26;3344115;3439442
27/06/2020;2020;6;27;3033521;2626994
28/06/2020;2020;6;28;3559213;3026069
29/06/2020;2020;6;29;4209134;2537536
30/06/2020;2020;6;30;2973961;2067759
1/07/2020;2020;7;1;3554403;2631149
2/07/2020;2020;7;2;3426272;2832791
3/07/2020;2020;7;3;3816715;3326426
4/07/2020;2020;7;4;3804123;3366689
5/07/2020;2020;7;5;3332910;1904563
6/07/2020;2020;7;6;3101930;3474950
7/07/2020;2020;7;7;4348236;2975212
8/07/2020;2020;7;8;3845494;3184098
9/07/2020;2020;7;9;3051616;2153674
10/07/2020;2020;7;10;4034375;2687196
11/07/2020;2020;7;11;3868930;2336162
12/07/2020;2020;7;12;3486925;2070121
13/07/2020;2020;7;13;3158509;2050186
14/07/2020;2020;7;14;4259411;2234349
15/07/2020;2020;7;15;3893558;3010452
16/07/2020;2020;7;16;3503457;3253701
17/07/2020;2020;7;17;3958863;2285909
18/07/2020;2020;7;18;3751896;2353518
19/07/2020;2020;7;19;3130073;3182054
20/07/2020;2020;7;20;3748896;3354930
21/07/2020;2020;7;21;3261563;3288287
22/07/2020;2020;7;22;3563823;3161316
23/07/2020;2020;7;23;4335839;3239134
24/07/2020;2020;7;24;3630524;2782206
25/07/2020;2020;7;25;4135664;3115945
26/07/2020;2020;7;26;3137966;1971317
27/07/2020;2020;7;27;3789887;3077720
28/07/2020;2020;7;28;3222091;2310394
29/07/2020;2020;7;29;3909279;2441061
30/07/2020;2020;7;30;3527075;3478855
31/07/2020;2020;7;31;3370809;3118483
1/08/2020;2020;8;1;3409179;3234145
2/08/2020;2020;8;2;3350675;2572719
3/08/2020;2020;8;3;4052273;2118519
4/08/2020;2020;8;4;4095513;3502019
5/08/2020;2020;8;5;4280431;3102023
6/08/2020;2020;8;6;3475588;3221361
7/08/2020;2020;8;7;3206568;2405949
8/08/2020;2020;8;8;4165447;3531613
9/08/2020;2020;8;9;3689728;1923477
10/08/2020;2020;8;10;3131707;2100902
11/08/2020;2020;8;11;4175293;2817087
12/08/2020;2020;8;12;3879058;3061563
13/08/2020;2020;8;13;3402453;2331852
14/08/2020;2020;8;14;4216557;3229047
15/08/2020;2020;8;15;3313787;2647921
16/08/2020;2020;8;16;3918891;2487030
17/08/2020;2020;8;17;4109337;2908731
18/08/2020;2020;8;18;3154717;2717352
19/08/2020;2020;8;19;3351141;3199981
20/08/2020;2020;8;20;2953652;2463323
21/08/2020;2020;8;21;3526074;3286989
22/08/2020;2020;8;22;3791121;2914389
23/08/2020;2020;8;23;3105078;2542077
24/08/2020;2020;8;24;4065351;2495009
25/08/2020;2020;8;25;2951147;2816316
26/08/2020;2020;8;26;3992330;3142427
27/08/2020;2020;8;27;3191400;2698495
28/08/2020;2020;8;28;4025131;2192135
29/08/2020;2020;8;29;3181074;2438485
30/08/2020;2020;8;30;3647547;2262931
31/08/2020;2020;8;31;3418885;3062953
1/09/2020;2020;9;1;3024297;2962297
2/09/2020;2020;9;2;3158619;3445028
3/09/2020;2020;9;3;3397998;3256215
4/09/2020;2020;9;4;4008021;2692330
5/09/2020;2020;9;5;2991569;3539500
6/09/2020;2020;9;6;3885982;2462455
7/09/2020;2020;9;7;3414326;2379928
8/09/2020;2020;9;8;3684138;2705670
9/09/2020;2020;9;9;3250655;1900971
10/09/2020;2020;9;10;3497907;2219153
11/09/2020;2020;9;11;3950133;2533884
12/09/2020;2020;9;12;4207340;2776547
13/09/2020;2020;9;13;3444419;2142739
14/09/2020;2020;9;14;2965610;3249810
15/09/2020;2020;9;15;3646558;2745984
16/09/2020;2020;9;16;3903364;3146198
17/09/2020;2020;9;17;4248226;2113328
18/09/2020;2020;9;18;3495369;2637976
19/09/2020;2020;9;19;3252870;2508395
20/09/2020;2020;9;20;2995781;3083616
21/09/2020;2020;9;21;3474849;3051780
22/09/2020;2020;9;22;2934508;2300239
23/09/2020;2020;9;23;3454574;2975518
24/09/2020;2020;9;24;3940891;2931927
25/09/2020;2020;9;25;3919362;1921767
26/09/2020;2020;9;26;4031845;3488505
27/09/2020;2020;9;27;3389847;2585668
28/09/2020;2020;9;28;4143857;2450087
29/09/2020;2020;9;29;4252795;2480936
30/09/2020;2020;9;30;4020777;1978708
1/10/2020;2020;10;1;3643803;2705929
2/10/2020;2020;10;2;3308702;2954609
3/10/2020;2020;10;3;3137500;3281033
4/10/2020;2020;10;4;3687394;3280534
5/10/2020;2020;10;5;4066439;2205278
6/10/2020;2020;10;6;3402605;2534716
7/10/2020;2020;10;7;3507258;2378465
8/10/2020;2020;10;8;4330686;3199826
9/10/2020;2020;10;9;3421889;3344911
10/10/2020;2020;10;10;4295781;3155982
11/10/2020;2020;10;11;3326940;3187638
12/10/2020;2020;10;12;4215486;2912689
13/10/2020;2020;10;13;3819475;3577489
14/10/2020;2020;10;14;4052429;2185413
15/10/2020;2020;10;15;2932453;1925593
16/10/2020;2020;10;16;4293180;3490084
17/10/2020;2020;10;17;3288532;2631516
18/10/2020;2020;10;18;3150342;2633757
19/10/2020;2020;10;19;3009903;2644527
20/10/2020;2020;10;20;4177948;3450011
21/10/2020;2020;10;21;3411417;2022412
22/10/2020;2020;10;22;3012751;3004442
23/10/2020;2020;10;23;3990368;2937657
24/10/2020;2020;10;24;3578462;3011992
25/10/2020;2020;10;25;3337075;2598924
26/10/2020;2020;10;26;3303592;2748660
27/10/2020;2020;10;27;3854592;2490876
28/10/2020;2020;10;28;2962486;3575398
29/10/2020;2020;10;29;3240227;2252701
30/10/2020;2020;10;30;3891003;3565146
31/10/2020;2020;10;31;3413287;3497916
1/11/2020;2020;11;1;3995514;2068453
2/11/2020;2020;11;2;2997100;3035740
3/11/2020;2020;11;3;3033861;2072128
4/11/2020;2020;11;4;3957653;2296934
5/11/2020;2020;11;5;2960786;3271387
6/11/2020;2020;11;6;3765791;3130601
7/11/2020;2020;11;7;3611569;3115283
8/11/2020;2020;11;8;2943604;2341308
9/11/2020;2020;11;9;4076285;2023119
10/11/2020;2020;11;10;3711891;3006290
11/11/2020;2020;11;11;4238233;2509917
12/11/2020;2020;11;12;3021747;1995476
13/11/2020;2020;11;13;2975589;2801246
14/11/2020;2020;11;14;4108100;2486644
15/11/2020;2020;11;15;3605010;3521993
16/11/2020;2020;11;16;3023127;2823151
17/11/2020;2020;11;17;3930503;3209156
18/11/2020;2020;11;18;4025536;1999195
19/11/2020;2020;11;19;3697338;1932220
20/11/2020;2020;11;20;3944922;2070866
21/11/2020;2020;11;21;3598710;3063138
22/11/2020;2020;11;22;4190408;2706204
23/11/2020;2020;11;23;2938624;2910981
24/11/2020;2020;11;24;3816895;3454175
25/11/2020;2020;11;25;3607124;2121465
26/11/2020;2020;11;26;3127234;3531995
27/11/2020;2020;11;27;3023218;2052674
28/11/2020;2020;11;28;4277046;2552235
29/11/2020;2020;11;29;2923327;2293430
30/11/2020;2020;11;30;3063081;2847311
1/12/2020;2020;12;1;2975198;2059840
2/12/2020;2020;12;2;3659492;3509971
3/12/2020;2020;12;3;3358237;2372953
4/12/2020;2020;12;4;3831335;2211449
5/12/2020;2020;12;5;3795417;2864461
6/12/2020;2020;12;6;3135382;3192532
7/12/2020;2020;12;7;3662128;3384205
8/12/2020;2020;12;8;3202510;2565669
9/12/2020;2020;12;9;2897753;2236803
10/12/2020;2020;12;10;3540504;1956100
11/12/2020;2020;12;11;4324563;2397568
12/12/2020;2020;12;12;3918261;3411741
13/12/2020;2020;12;13;3730175;2076559
14/12/2020;2020;12;14;3051614;3427671
15/12/2020;2020;12;15;3814159;3346813
16/12/2020;2020;12;16;4264930;2214226
17/12/2020;2020;12;17;3709257;3185398
18/12/2020;2020;12;18;4081362;3076920
19/12/2020;2020;12;19;4329919;2850656
20/12/2020;2020;12;20;3828101;2770699
21/12/2020;2020;12;21;3201600;3378363
22/12/2020;2020;12;22;3220083;3311968
23/12/2020;2020;12;23;3218872;2746222
24/12/2020;2020;12;24;3357064;2357096
25/12/2020;2020;12;25;3010311;3557879
26/12/2020;2020;12;26;2993112;2444510
27/12/2020;2020;12;27;3869273;1958754
28/12/2020;2020;12;28;3203391;2617577
29/12/2020;2020;12;29;3819116;2297093
30/12/2020;2020;12;30;2945717;3187601
31/12/2020;2020;12;31;3854036;2653402
1/01/2021;2021;1;1;4108211;2236006
2/01/2021;2021;1;2;4265958;2624587
3/01/2021;2021;1;3;3863172;2349573
4/01/2021;2021;1;4;4348096;2904978
5/01/2021;2021;1;5;2916544;3324932
6/01/2021;2021;1;6;3371488;2392247
7/01/2021;2021;1;7;3647621;2698167
8/01/2021;2021;1;8;3283180;2727211
9/01/2021;2021;1;9;4337397;2885055
10/01/2021;2021;1;10;3722920;2314086
11/01/2021;2021;1;11;3015668;3238290
12/01/2021;2021;1;12;3140378;3380368
13/01/2021;2021;1;13;3392812;3506667
14/01/2021;2021;1;14;3089350;2047349
15/01/2021;2021;1;15;4312229;1989455
16/01/2021;2021;1;16;3637224;3030169
17/01/2021;2021;1;17;3260678;2330853
18/01/2021;2021;1;18;3202821;3118594
19/01/2021;2021;1;19;4204174;2656769
20/01/2021;2021;1;20;3853700;2656077
21/01/2021;2021;1;21;3542392;2939727
22/01/2021;2021;1;22;3172033;2911439
23/01/2021;2021;1;23;2945121;2984225
24/01/2021;2021;1;24;3315025;3389357
25/01/2021;2021;1;25;3435759;2349569
26/01/2021;2021;1;26;3780868;3231811
27/01/2021;2021;1;27;3445382;3456103
28/01/2021;2021;1;28;3404849;3075960
29/01/2021;2021;1;29;3453447;1944502
30/01/2021;2021;1;30;3251994;1957652
31/01/2021;2021;1;31;3107899;3398492
1/02/2021;2021;2;1;4076982;2745374
2/02/2021;2021;2;2;3370458;3161540
3/02/2021;2021;2;3;4193320;2366826
4/02/2021;2021;2;4;4018621;3033646
5/02/2021;2021;2;5;4146013;3060013
6/02/2021;2021;2;6;4108274;2544185
7/02/2021;2021;2;7;4233040;2241246
8/02/2021;2021;2;8;3060738;3269031
9/02/2021;2021;2;9;3353256;2461602
10/02/2021;2021;2;10;3338947;2618439
11/02/2021;2021;2;11;3598394;2151602
12/02/2021;2021;2;12;4211213;2881143
13/02/2021;2021;2;13;4239088;3074188
14/02/2021;2021;2;14;4206244;3213918
15/02/2021;2021;2;15;4026570;2862001
16/02/2021;2021;2;16;3174697;2150819
17/02/2021;2021;2;17;3287065;2186925
18/02/2021;2021;2;18;3955558;2496379
19/02/2021;2021;2;19;3225146;1951240
20/02/2021;2021;2;20;3640936;2802765
21/02/2021;2021;2;21;3553347;3274602
22/02/2021;2021;2;22;3677755;2631593
23/02/2021;2021;2;23;3777095;2442332
24/02/2021;2021;2;24;3544398;3152529
25/02/2021;2021;2;25;4011366;2210798
26/02/2021;2021;2;26;3214901;2340494
27/02/2021;2021;2;27;3856479;3363736
28/02/2021;2021;2;28;3618521;3278362
1/03/2021;2021;3;1;3424622;2726183
2/03/2021;2021;3;2;3634447;3362916
3/03/2021;2021;3;3;3246332;1991440
4/03/2021;2021;3;4;3066452;3579291
5/03/2021;2021;3;5;3570220;2590571
6/03/2021;2021;3;6;3241205;3288780
7/03/2021;2021;3;7;4302655;2050412
8/03/2021;2021;3;8;3571623;3345415
9/03/2021;2021;3;9;3595829;2379079
10/03/2021;2021;3;10;3689993;2036457
11/03/2021;2021;3;11;4088245;2292426
12/03/2021;2021;3;12;3486855;3297536
13/03/2021;2021;3;13;2909220;3579658
14/03/2021;2021;3;14;3490802;3103123
15/03/2021;2021;3;15;3718412;2679755
16/03/2021;2021;3;16;3515702;2820253
17/03/2021;2021;3;17;2918976;2888261
18/03/2021;2021;3;18;4102827;3529379
19/03/2021;2021;3;19;2940503;3418408
20/03/2021;2021;3;20;3111402;2227333
21/03/2021;2021;3;21;3498524;2373602
22/03/2021;2021;3;22;3565544;2249544
23/03/2021;2021;3;23;4291460;3216417
24/03/2021;2021;3;24;3607243;2607955
25/03/2021;2021;3;25;3201259;1997588
26/03/2021;2021;3;26;3617343;2609080
27/03/2021;2021;3;27;2917692;2171510
28/03/2021;2021;3;28;3267792;2377425
29/03/2021;2021;3;29;3383941;2554454
30/03/2021;2021;3;30;4214907;3379163
31/03/2021;2021;3;31;3925973;2776985
1/04/2021;2021;4;1;3682460;2313597
2/04/2021;2021;4;2;4334157;2602216
3/04/2021;2021;4;3;3080380;2356253
4/04/2021;2021;4;4;4044413;2645281
5/04/2021;2021;4;5;3229842;2885958
6/04/2021;2021;4;6;4279131;3332167
7/04/2021;2021;4;7;3432522;2036418
8/04/2021;2021;4;8;3456508;3131622
9/04/2021;2021;4;9;4108007;3024600
10/04/2021;2021;4;10;4043300;2352070
11/04/2021;2021;4;11;4292713;1941355
12/04/2021;2021;4;12;4182527;2612884
13/04/2021;2021;4;13;3099544;2647928
14/04/2021;2021;4;14;3188642;1989889
15/04/2021;2021;4;15;4006008;3045785
16/04/2021;2021;4;16;4278714;2055363
17/04/2021;2021;4;17;3338992;3073640
18/04/2021;2021;4;18;3456476;3367761
19/04/2021;2021;4;19;4064311;2600330
20/04/2021;2021;4;20;3368470;2730191
21/04/2021;2021;4;21;3161660;2785982
22/04/2021;2021;4;22;4001263;2553284
23/04/2021;2021;4;23;2922376;3169991
24/04/2021;2021;4;24;4194028;2216047
25/04/2021;2021;4;25;3249779;2653788
26/04/2021;2021;4;26;3037270;3345847
27/04/2021;2021;4;27;3929104;3125115
28/04/2021;2021;4;28;4272750;3147603
29/04/2021;2021;4;29;4208691;2906330
30/04/2021;2021;4;30;4040666;2737268
1/05/2021;2021;5;1;3971496;2199755
2/05/2021;2021;5;2;3788885;2908901
3/05/2021;2021;5;3;3560300;3224418
4/05/2021;2021;5;4;4191047;3003628
5/05/2021;2021;5;5;3371921;3367417
6/05/2021;2021;5;6;3498499;1902700
7/05/2021;2021;5;7;3193546;2695969
8/05/2021;2021;5;8;3727131;3147082
9/05/2021;2021;5;9;3302078;2499114
10/05/2021;2021;5;10;3097302;2575943
11/05/2021;2021;5;11;4312296;2784159
12/05/2021;2021;5;12;3049124;3366572
13/05/2021;2021;5;13;3182106;3581269
14/05/2021;2021;5;14;3152363;3185753
15/05/2021;2021;5;15;3530445;2266821
16/05/2021;2021;5;16;4173564;2963979
17/05/2021;2021;5;17;3782047;2471843
18/05/2021;2021;5;18;3779840;3400328
19/05/2021;2021;5;19;3301253;2015830
20/05/2021;2021;5;20;3251165;2327278
21/05/2021;2021;5;21;3834892;2415918
22/05/2021;2021;5;22;3116327;2096709
23/05/2021;2021;5;23;3268851;2176928
24/05/2021;2021;5;24;3097129;2442319
25/05/2021;2021;5;25;2915499;2587367
26/05/2021;2021;5;26;3303107;2954735
27/05/2021;2021;5;27;3531487;3449783
28/05/2021;2021;5;28;4149461;2403553
29/05/2021;2021;5;29;4203416;2300067
30/05/2021;2021;5;30;3415885;2271085
31/05/2021;2021;5;31;2963724;3027232
1/06/2021;2021;6;1;2893665;2676937
2/06/2021;2021;6;2;3534368;3164677
3/06/2021;2021;6;3;3365966;3549316
4/06/2021;2021;6;4;3615617;2926568
5/06/2021;2021;6;5;2987301;2702863
6/06/2021;2021;6;6;3933515;2529381
7/06/2021;2021;6;7;3699658;2213730
8/06/2021;2021;6;8;4114898;2923991
9/06/2021;2021;6;9;3706794;1919222
10/06/2021;2021;6;10;3668812;2393832
11/06/2021;2021;6;11;3807927;3030028
12/06/2021;2021;6;12;3775174;2573519
13/06/2021;2021;6;13;3307473;3225787
14/06/2021;2021;6;14;3081561;3102479
15/06/2021;2021;6;15;3395320;3572708
16/06/2021;2021;6;16;3541713;2112266
17/06/2021;2021;6;17;4265711;2056192
18/06/2021;2021;6;18;3988483;2352508
19/06/2021;2021;6;19;3285172;2489534
20/06/2021;2021;6;20;4035261;3568976
21/06/2021;2021;6;21;4109573;2596286
22/06/2021;2021;6;22;3932094;2349515
23/06/2021;2021;6;23;3770269;2348082
24/06/2021;2021;6;24;3616720;2593712
25/06/2021;2021;6;25;3509971;3402058
26/06/2021;2021;6;26;3867636;3420005
27/06/2021;2021;6;27;3206089;2831854
28/06/2021;2021;6;28;3791421;2305981
29/06/2021;2021;6;29;3217090;3388904
30/06/2021;2021;6;30;3359209;3137246
1/07/2021;2021;7;1;4128734;2269946
2/07/2021;2021;7;2;3508136;3014139
3/07/2021;2021;7;3;3196959;2129516
4/07/2021;2021;7;4;4238616;2608136
5/07/2021;2021;7;5;3016814;2873801
6/07/2021;2021;7;6;3776545;2022361
7/07/2021;2021;7;7;3939253;3558173
8/07/2021;2021;7;8;3645536;3218324
9/07/2021;2021;7;9;3704439;2256770
10/07/2021;2021;7;10;3836217;3343865
11/07/2021;2021;7;11;3043365;2331343
12/07/2021;2021;7;12;3943159;1994327
13/07/2021;2021;7;13;4051848;2834180
14/07/2021;2021;7;14;3938861;2936632
15/07/2021;2021;7;15;4237760;2359478
16/07/2021;2021;7;16;3780807;3370535
17/07/2021;2021;7;17;4324964;1904504
18/07/2021;2021;7;18;4148772;2350600
19/07/2021;2021;7;19;3081524;2847457
20/07/2021;2021;7;20;3431085;3069098
21/07/2021;2021;7;21;3877026;3145551
22/07/2021;2021;7;22;3098759;2742883
23/07/2021;2021;7;23;4352554;2282065
24/07/2021;2021;7;24;2987795;2660617
25/07/2021;2021;7;25;3479690;2721743
26/07/2021;2021;7;26;3241991;2771431
27/07/2021;2021;7;27;3860676;2023145
28/07/2021;2021;7;28;3868085;3536429
29/07/2021;2021;7;29;3261364;3177384
30/07/2021;2021;7;30;3181167;2833569
31/07/2021;2021;7;31;3179018;3327786
1/08/2021;2021;8;1;3583004;3047692
2/08/2021;2021;8;2;3332159;3030539
3/08/2021;2021;8;3;3476107;2592280
4/08/2021;2021;8;4;4168028;2729654
5/08/2021;2021;8;5;3283010;2279145
6/08/2021;2021;8;6;3460872;2485517
7/08/2021;2021;8;7;3505915;1969102
8/08/2021;2021;8;8;3251932;3142597
9/08/2021;2021;8;9;2892627;3073862
10/08/2021;2021;8;10;3111674;3224853
11/08/2021;2021;8;11;3663230;2440721
12/08/2021;2021;8;12;3763668;2002092
13/08/2021;2021;8;13;4261424;3246360
14/08/2021;2021;8;14;3389286;3351896
15/08/2021;2021;8;15;3571862;2900493
16/08/2021;2021;8;16;4132644;3521276
17/08/2021;2021;8;17;3251482;2466976
18/08/2021;2021;8;18;3069850;2873550
19/08/2021;2021;8;19;3083687;2662306
20/08/2021;2021;8;20;2918358;2880740
21/08/2021;2021;8;21;3681065;2798470
22/08/2021;2021;8;22;3262669;2138081
23/08/2021;2021;8;23;3181696;3175956
24/08/2021;2021;8;24;3596089;2907791
25/08/2021;2021;8;25;3533372;2458462
26/08/2021;2021;8;26;2965931;2782408
27/08/2021;2021;8;27;3288316;2398572
28/08/2021;2021;8;28;2972330;3032773
29/08/2021;2021;8;29;3486220;2388622
30/08/2021;2021;8;30;3248347;3350611
31/08/2021;2021;8;31;3221540;3403895
1/09/2021;2021;9;1;3868922;2373868
2/09/2021;2021;9;2;3099407;2759344
3/09/2021;2021;9;3;3166778;2306773
4/09/2021;2021;9;4;3500393;3054068
5/09/2021;2021;9;5;3988520;3110081
6/09/2021;2021;9;6;2891864;3578391
7/09/2021;2021;9;7;3830519;2160820
8/09/2021;2021;9;8;3288469;1941936
9/09/2021;2021;9;9;4061683;3415452
10/09/2021;2021;9;10;3562044;3129571
11/09/2021;2021;9;11;3380178;2481628
12/09/2021;2021;9;12;3930346;3308759
13/09/2021;2021;9;13;3824654;3236029
14/09/2021;2021;9;14;3690434;1950779
15/09/2021;2021;9;15;3390694;2194064
16/09/2021;2021;9;16;2928194;2116091
17/09/2021;2021;9;17;3459833;3471151
18/09/2021;2021;9;18;3543698;2604271
19/09/2021;2021;9;19;3173280;2970395
20/09/2021;2021;9;20;3229373;2882864
21/09/2021;2021;9;21;3992722;3329120
22/09/2021;2021;9;22;4078257;2037971
23/09/2021;2021;9;23;3169494;2436907
24/09/2021;2021;9;24;3383935;3277979
25/09/2021;2021;9;25;3995850;1946752
26/09/2021;2021;9;26;3352844;2157497
27/09/2021;2021;9;27;3107136;2009358
28/09/2021;2021;9;28;3141070;2324046
29/09/2021;2021;9;29;4320064;2355832
30/09/2021;2021;9;30;3612545;2215980
1/10/2021;2021;10;1;3735779;2538645
2/10/2021;2021;10;2;4353247;3464224
3/10/2021;2021;10;3;2929339;2496887
4/10/2021;2021;10;4;3936406;1964372
5/10/2021;2021;10;5;3830807;2814007
6/10/2021;2021;10;6;3105192;3148361
7/10/2021;2021;10;7;3564008;2918420
8/10/2021;2021;10;8;3387340;2230992
9/10/2021;2021;10;9;3593313;2826463
10/10/2021;2021;10;10;2932910;2538951
11/10/2021;2021;10;11;3774533;2293625
12/10/2021;2021;10;12;3147193;3578563
13/10/2021;2021;10;13;3696540;2704669
14/10/2021;2021;10;14;3497164;2485296
15/10/2021;2021;10;15;3769665;3414765
16/10/2021;2021;10;16;3800660;3349869
17/10/2021;2021;10;17;3198841;3045863
18/10/2021;2021;10;18;4289199;2278178
19/10/2021;2021;10;19;3531868;2736074
20/10/2021;2021;10;20;3758765;2957141
21/10/2021;2021;10;21;4040356;2811149
22/10/2021;2021;10;22;4308514;2268597
23/10/2021;2021;10;23;4049993;2931286
24/10/2021;2021;10;24;3678474;1966748
25/10/2021;2021;10;25;3701072;3409212
26/10/2021;2021;10;26;3822023;2863474
27/10/2021;2021;10;27;3925529;2190769
28/10/2021;2021;10;28;3232603;3104666
29/10/2021;2021;10;29;3852833;3256157
30/10/2021;2021;10;30;3745740;2677034
31/10/2021;2021;10;31;3663648;2448496
1/11/2021;2021;11;1;3907267;2050265
2/11/2021;2021;11;2;3965642;2010606
3/11/2021;2021;11;3;3731465;2294413
4/11/2021;2021;11;4;3486965;3028736
5/11/2021;2021;11;5;4048947;2550001
6/11/2021;2021;11;6;3409479;2803906
7/11/2021;2021;11;7;3341022;2711999
8/11/2021;2021;11;8;4166727;3395363
9/11/2021;2021;11;9;3990308;3127430
10/11/2021;2021;11;10;4304971;3153284
11/11/2021;2021;11;11;4103048;2468422
12/11/2021;2021;11;12;3005738;3062907
13/11/2021;2021;11;13;3017031;2132675
14/11/2021;2021;11;14;3885399;2356764
15/11/2021;2021;11;15;3889800;2943830
16/11/2021;2021;11;16;3886752;3410664
17/11/2021;2021;11;17;3916916;2990779
18/11/2021;2021;11;18;3446022;2497719
19/11/2021;2021;11;19;4289036;2897183
20/11/2021;2021;11;20;4126137;2166081
21/11/2021;2021;11;21;3354112;3188500
22/11/2021;2021;11;22;4293829;2796625
23/11/2021;2021;11;23;3999009;3154525
24/11/2021;2021;11;24;2891712;3473981
25/11/2021;2021;11;25;3975884;2614057
26/11/2021;2021;11;26;3928789;3379415
27/11/2021;2021;11;27;3941987;1960781
28/11/2021;2021;11;28;3085685;2327448
29/11/2021;2021;11;29;3875629;2614207
30/11/2021;2021;11;30;3427308;2717651
1/12/2021;2021;12;1;4104709;3113810
2/12/2021;2021;12;2;3613258;3377041
3/12/2021;2021;12;3;3722211;2731550
4/12/2021;2021;12;4;4315532;2715138
5/12/2021;2021;12;5;4281581;2006090
6/12/2021;2021;12;6;2965433;2662211
7/12/2021;2021;12;7;3610934;2657303
8/12/2021;2021;12;8;3945832;3152412
9/12/2021;2021;12;9;4069108;2015589
10/12/2021;2021;12;10;3722789;2150098
11/12/2021;2021;12;11;3566063;3178183
12/12/2021;2021;12;12;4296094;3394015
13/12/2021;2021;12;13;4170077;3049707
14/12/2021;2021;12;14;3480734;3044696
15/12/2021;2021;12;15;3857282;3570075
16/12/2021;2021;12;16;3584331;3207746
17/12/2021;2021;12;17;3556001;2455669
18/12/2021;2021;12;18;3327347;2031583
19/12/2021;2021;12;19;3622703;2222129
20/12/2021;2021;12;20;3751670;2424869
21/12/2021;2021;12;21;3078341;1917031
22/12/2021;2021;12;22;3426553;2292151
23/12/2021;2021;12;23;3238944;3209120
24/12/2021;2021;12;24;3998593;2458245
25/12/2021;2021;12;25;4205860;2312696
26/12/2021;2021;12;26;3522719;3341143
27/12/2021;2021;12;27;3972892;3037850
28/12/2021;2021;12;28;3069875;2012026
29/12/2021;2021;12;29;4265903;2457875
30/12/2021;2021;12;30;3959789;3344911
31/12/2021;2021;12;31;4092268;2753330
1/01/2022;2022;1;1;3031870;2830426
2/01/2022;2022;1;2;2913567;2261710
3/01/2022;2022;1;3;3421994;2879780
4/01/2022;2022;1;4;3244484;2566997
5/01/2022;2022;1;5;4313112;1907342
6/01/2022;2022;1;6;4153344;2677872
7/01/2022;2022;1;7;4050635;2524435
8/01/2022;2022;1;8;3468436;2469311
9/01/2022;2022;1;9;3276959;3103466
10/01/2022;2022;1;10;3120067;2878564
11/01/2022;2022;1;11;4325441;3356612
12/01/2022;2022;1;12;4246283;2283743
13/01/2022;2022;1;13;4138647;2611596
14/01/2022;2022;1;14;3728462;2482687
15/01/2022;2022;1;15;3686919;3509785
16/01/2022;2022;1;16;4066262;3296181
17/01/2022;2022;1;17;3843891;1901284
18/01/2022;2022;1;18;3945313;1948490
19/01/2022;2022;1;19;2898594;3100115
20/01/2022;2022;1;20;2933265;3433593
21/01/2022;2022;1;21;3296028;2775779
22/01/2022;2022;1;22;2992356;3404296
23/01/2022;2022;1;23;2930278;1999479
24/01/2022;2022;1;24;3670150;2025800
25/01/2022;2022;1;25;3496919;2066286
26/01/2022;2022;1;26;4238296;3285629
27/01/2022;2022;1;27;4207267;2568873
28/01/2022;2022;1;28;3955934;2077951
29/01/2022;2022;1;29;3452234;2465545
30/01/2022;2022;1;30;3725996;2330987
31/01/2022;2022;1;31;3522198;3007450
1/02/2022;2022;2;1;3179003;2719406
2/02/2022;2022;2;2;3604275;2852347
3/02/2022;2022;2;3;3354996;1953958
4/02/2022;2022;2;4;3130719;2801882
5/02/2022;2022;2;5;3235610;2346811
6/02/2022;2022;2;6;3887498;3443684
7/02/2022;2022;2;7;4249165;3371225
8/02/2022;2022;2;8;3898801;3291715
9/02/2022;2022;2;9;3735407;3386444
10/02/2022;2022;2;10;3206779;2967052
11/02/2022;2022;2;11;3992062;2175452
12/02/2022;2022;2;12;3618837;3429577
13/02/2022;2022;2;13;4011757;2801651
14/02/2022;2022;2;14;4274892;3481092
15/02/2022;2022;2;15;3993221;2525742
16/02/2022;2022;2;16;3293272;2361930
17/02/2022;2022;2;17;3173918;2513480
18/02/2022;2022;2;18;3304976;1930530
19/02/2022;2022;2;19;4355223;3041430
20/02/2022;2022;2;20;3011745;2403078
21/02/2022;2022;2;21;4141479;2806187
22/02/2022;2022;2;22;3427455;2244763
23/02/2022;2022;2;23;3124261;2332189
24/02/2022;2022;2;24;3847943;3005409
25/02/2022;2022;2;25;3553901;3439828
26/02/2022;2022;2;26;4332287;2315823
27/02/2022;2022;2;27;3506689;2258767
28/02/2022;2022;2;28;3124584;2904135
